{"is_source_file": true, "file_id": 3, "git_revision": "96c73896c0c530de0ae012560defb1141510ddf9", "state": 2, "description": "", "external_files": [], "external_methods": [], "published": [], "classes": [], "methods": [], "calls": [], "search-terms": [], "ctags": [], "hash": null, "format-version": 4, "code-base-name": "prompt_extension_backend", "filename": "prompt_extension_backend/src/api/__init__.py", "knowledge_revision": 7, "revision_history": [{"7": "96c73896c0c530de0ae012560defb1141510ddf9"}]}