{"is_source_file": true, "format": "Python", "description": "This file defines API routes for a FastAPI application related to prompt generation and configuration retrieval. It includes endpoints for fetching public configuration options, default settings, and generating prompts based on user input.", "external_files": ["src.api.models", "src.api.prompt_builder"], "external_methods": ["build_prompt"], "published": ["get_public_config", "get_default_settings", "generate_prompt"], "classes": [], "methods": [{"name": "PublicConfigResponse get_public_config()", "description": "Retrieves supported options for orientations, platforms, tones, and length preferences, along with version info.", "scope": "", "scopeKind": ""}, {"name": "DefaultSettingsResponse get_default_settings()", "description": "Returns default brand and style settings for initializing the extension UI.", "scope": "", "scopeKind": ""}, {"name": "PromptGenerateResponse generate_prompt(body: PromptGenerateRequest)", "description": "Builds and returns a prompt based on user-provided settings, utilizing the build_prompt function.", "scope": "", "scopeKind": ""}, {"name": "_opts(enum_cls)", "scope": "get_public_config", "scopeKind": "function", "description": "unavailable"}], "calls": ["build_prompt"], "search-terms": ["FastAPI routes", "prompt generation", "config retrieval", "/prompts/generate", "DefaultSettingsResponse", "PublicConfigResponse", "build_prompt"], "state": 2, "file_id": 8, "knowledge_revision": 19, "git_revision": "ed32b7bfa0c1dfb9bbb6cd1769ebe962d542a8f0", "ctags": [{"_type": "tag", "name": "_opts", "path": "/home/kavia/workspace/code-generation/brandprompt-generator-239487-239496/prompt_extension_backend/src/api/routes.py", "pattern": "/^    def _opts(enum_cls):$/", "file": true, "language": "Python", "kind": "function", "signature": "(enum_cls)", "scope": "get_public_config", "scopeKind": "function"}, {"_type": "tag", "name": "generate_prompt", "path": "/home/kavia/workspace/code-generation/brandprompt-generator-239487-239496/prompt_extension_backend/src/api/routes.py", "pattern": "/^def generate_prompt(body: PromptGenerateRequest) -> PromptGenerateResponse:$/", "language": "Python", "typeref": "typename:PromptGenerateResponse", "kind": "function", "signature": "(body: PromptGenerateRequest)"}, {"_type": "tag", "name": "get_default_settings", "path": "/home/kavia/workspace/code-generation/brandprompt-generator-239487-239496/prompt_extension_backend/src/api/routes.py", "pattern": "/^def get_default_settings() -> DefaultSettingsResponse:$/", "language": "Python", "typeref": "typename:DefaultSettingsResponse", "kind": "function", "signature": "()"}, {"_type": "tag", "name": "get_public_config", "path": "/home/kavia/workspace/code-generation/brandprompt-generator-239487-239496/prompt_extension_backend/src/api/routes.py", "pattern": "/^def get_public_config() -> PublicConfigResponse:$/", "language": "Python", "typeref": "typename:PublicConfigResponse", "kind": "function", "signature": "()"}, {"_type": "tag", "name": "router", "path": "/home/kavia/workspace/code-generation/brandprompt-generator-239487-239496/prompt_extension_backend/src/api/routes.py", "pattern": "/^router = APIRouter(tags=[\"Prompt Extension\"])$/", "language": "Python", "kind": "variable"}], "hash": "ddda74097b1a1d93b12ae8f2a9c69ec2", "format-version": 4, "code-base-name": "prompt_extension_backend", "filename": "prompt_extension_backend/src/api/routes.py", "fields": [{"name": "router = APIRouter(tags=[\"Prompt Extension\"])", "scope": "", "scopeKind": "", "description": "unavailable"}], "revision_history": [{"19": "ed32b7bfa0c1dfb9bbb6cd1769ebe962d542a8f0"}]}