{"is_source_file": false, "format": "", "description": "", "external_files": [], "external_methods": [], "published": [], "classes": [], "methods": [], "calls": [], "search-terms": [], "state": 2, "file_id": 12, "knowledge_revision": 26, "git_revision": "ed32b7bfa0c1dfb9bbb6cd1769ebe962d542a8f0", "hash": "61ef14a9780590487a39b4e28c74e95a", "format-version": 4, "code-base-name": "prompt_extension_backend", "filename": "prompt_extension_backend/interfaces/openapi.running.json", "revision_history": [{"26": "ed32b7bfa0c1dfb9bbb6cd1769ebe962d542a8f0"}]}