{"is_source_file": true, "format": "Python", "description": "This Python module builds structured prompts for a brand copywriting application. It processes validated input data to create detailed prompt strings for an LLM, including platform-specific notes, style instructions, and brand information. The core function, `build_prompt`, assembles the prompt and associated metadata.", "external_files": ["src.api.models"], "external_methods": ["src.api.models.PromptGenerateRequest"], "published": ["build_prompt"], "classes": [], "methods": [{"name": "str _join_nonempty(lines: list[str])", "description": "Concatenates a list of strings, joining only non-empty and non-whitespace strings with newline characters.", "parameters": ["lines (list[str])"], "scope": "", "scopeKind": ""}, {"name": "str _platform_notes(platform: str)", "description": "Returns platform-specific prompt notes based on the platform string.", "parameters": ["platform (str)"], "scope": "", "scopeKind": ""}, {"name": "str _orientation_notes(orientation: str)", "description": "Returns orientation-specific instructions for content creation based on the orientation string.", "parameters": ["orientation (str)"], "scope": "", "scopeKind": ""}, {"name": "tuple[str,Dict[str,Any]] build_prompt(req: PromptGenerateRequest)", "description": "Constructs a detailed prompt string and metadata dictionary from a validated request object, integrating brand, style, platform, orientation, and additional brief/context information.", "parameters": ["req (PromptGenerateRequest)"], "scope": "", "scopeKind": ""}], "calls": ["_join_nonempty", "_platform_notes", "_orientation_notes"], "search-terms": ["prompt_builder", "build_prompt", "PromptGenerateRequest", "prompt construction logic", "structured prompt", "brand copywriter"], "state": 2, "file_id": 7, "knowledge_revision": 18, "git_revision": "ed32b7bfa0c1dfb9bbb6cd1769ebe962d542a8f0", "ctags": [{"_type": "tag", "name": "_join_nonempty", "path": "/home/kavia/workspace/code-generation/brandprompt-generator-239487-239496/prompt_extension_backend/src/api/prompt_builder.py", "pattern": "/^def _join_nonempty(lines: list[str]) -> str:$/", "language": "Python", "typeref": "typename:str", "kind": "function", "signature": "(lines: list[str])"}, {"_type": "tag", "name": "_orientation_notes", "path": "/home/kavia/workspace/code-generation/brandprompt-generator-239487-239496/prompt_extension_backend/src/api/prompt_builder.py", "pattern": "/^def _orientation_notes(orientation: str) -> str:$/", "language": "Python", "typeref": "typename:str", "kind": "function", "signature": "(orientation: str)"}, {"_type": "tag", "name": "_platform_notes", "path": "/home/kavia/workspace/code-generation/brandprompt-generator-239487-239496/prompt_extension_backend/src/api/prompt_builder.py", "pattern": "/^def _platform_notes(platform: str) -> str:$/", "language": "Python", "typeref": "typename:str", "kind": "function", "signature": "(platform: str)"}, {"_type": "tag", "name": "build_prompt", "path": "/home/kavia/workspace/code-generation/brandprompt-generator-239487-239496/prompt_extension_backend/src/api/prompt_builder.py", "pattern": "/^def build_prompt(req: PromptGenerateRequest) -> tuple[str, Dict[str, Any]]:$/", "language": "Python", "typeref": "typename:tuple[str,Dict[str,Any]]", "kind": "function", "signature": "(req: PromptGenerateRequest)"}], "hash": "bbb542929e03947aa3ce71fe51277a65", "format-version": 4, "code-base-name": "prompt_extension_backend", "filename": "prompt_extension_backend/src/api/prompt_builder.py", "revision_history": [{"18": "ed32b7bfa0c1dfb9bbb6cd1769ebe962d542a8f0"}]}