{"is_source_file": true, "format": "Python", "description": "Initialization file for the prompt extension backend package, providing package-level documentation and ensuring consistent imports within the project.", "external_files": [], "external_methods": [], "published": [], "classes": [], "methods": [], "calls": [], "search-terms": ["prompt extension", "src package", "initialization", "Python package", "src"], "state": 2, "file_id": 5, "knowledge_revision": 14, "git_revision": "", "ctags": [], "hash": "344d2aad238800491d2d5492f4902356", "format-version": 4, "code-base-name": "prompt_extension_backend", "filename": "prompt_extension_backend/src/__init__.py", "revision_history": [{"14": ""}]}