{"is_source_file": true, "format": "Python", "description": "Main API setup for a FastAPI application, configuring CORS, including routes, and defining a health check endpoint.", "external_files": ["src/api/routes"], "external_methods": ["fastapi.FastAPI", "fastapi.middleware.cors.CORSMiddleware", "src.api.routes.router"], "published": ["app"], "classes": [], "methods": [{"name": "health_check()", "description": "Health check endpoint that returns a JSON message indicating the service status.", "scope": "", "scopeKind": ""}], "calls": ["FastAPI()", "CORSMiddleware()", "app.include_router()", "app.add_middleware()", "app.get()", "health_check()"], "search-terms": ["FastAPI", "CORS", "health check endpoint", "prompt extension", "routes"], "state": 2, "file_id": 4, "knowledge_revision": 27, "git_revision": "93cf149359240c955a2a12d09100a19404bff35d", "revision_history": [{"9": "96c73896c0c530de0ae012560defb1141510ddf9"}, {"15": "ed32b7bfa0c1dfb9bbb6cd1769ebe962d542a8f0"}, {"27": "93cf149359240c955a2a12d09100a19404bff35d"}], "ctags": [{"_type": "tag", "name": "app", "path": "/home/kavia/workspace/code-generation/brandprompt-generator-239487-239496/prompt_extension_backend/src/api/main.py", "pattern": "/^app = FastAPI($/", "language": "Python", "kind": "variable"}, {"_type": "tag", "name": "health_check", "path": "/home/kavia/workspace/code-generation/brandprompt-generator-239487-239496/prompt_extension_backend/src/api/main.py", "pattern": "/^def health_check():$/", "language": "Python", "kind": "function", "signature": "()"}, {"_type": "tag", "name": "openapi_tags", "path": "/home/kavia/workspace/code-generation/brandprompt-generator-239487-239496/prompt_extension_backend/src/api/main.py", "pattern": "/^openapi_tags = [$/", "language": "Python", "kind": "variable"}, {"_type": "tag", "name": "prompt_extension_router", "path": "/home/kavia/workspace/code-generation/brandprompt-generator-239487-239496/prompt_extension_backend/src/api/main.py", "pattern": "/^from src.api.routes import router as prompt_extension_router$/", "language": "Python", "kind": "unknown", "nameref": "unknown:router"}], "hash": "2f0b9cdfd15e58573b3ef3f740d69c6b", "format-version": 4, "code-base-name": "prompt_extension_backend", "filename": "prompt_extension_backend/src/api/main.py", "fields": [{"name": "app = FastAPI(", "scope": "", "scopeKind": "", "description": "unavailable"}, {"name": "openapi_tags = [", "scope": "", "scopeKind": "", "description": "unavailable"}]}