{"is_source_file": true, "format": "Python", "description": "This file defines Pydantic models used for a backend REST API, including data schemas for inputs and outputs related to prompt generation, brand settings, style preferences, and options for the frontend.", "external_files": ["pydantic"], "external_methods": [], "published": ["PromptGenerateRequest", "PromptGenerateResponse", "PublicConfigResponse", "DefaultSettingsResponse", "Orientation", "Platform", "Tone", "LengthPreference", "BrandVoice", "BrandSettings", "StyleSettings", "Option"], "classes": [{"name": "Orientation", "description": "Enum representing user intent for prompt generation."}, {"name": "Platform", "description": "Enum representing publishing platform/destination."}, {"name": "Tone", "description": "Enum representing brand voice tone."}, {"name": "LengthPreference", "description": "Enum representing preferred output length."}, {"name": "BrandVoice", "description": "Model for brand voice settings, including tone and keywords."}, {"name": "BrandSettings", "description": "Model for brand configuration including name, tagline, description, target audience, and voice."}, {"name": "StyleSettings", "description": "Model for stylistic preferences such as length, hashtags, emojis, and formatting notes."}, {"name": "PromptGenerateRequest", "description": "Model for the request payload to generate a prompt, including content, style, and brand info."}, {"name": "PromptGenerateResponse", "description": "Model for the response containing the generated prompt and metadata."}, {"name": "Option", "description": "Generic model for UI dropdown options with key and label."}, {"name": "PublicConfigResponse", "description": "Model for public configuration options and support info."}, {"name": "DefaultSettingsResponse", "description": "Model for default settings payload to initialize frontend."}], "methods": [], "calls": [], "search-terms": ["pydantic models", "prompt generation API", "brand configuration", "style preferences", "enum for prompt types", "API schemas", "REST API data models"], "state": 2, "file_id": 6, "knowledge_revision": 17, "git_revision": "ed32b7bfa0c1dfb9bbb6cd1769ebe962d542a8f0", "ctags": [{"_type": "tag", "name": "BrandSettings", "path": "/home/kavia/workspace/code-generation/brandprompt-generator-239487-239496/prompt_extension_backend/src/api/models.py", "pattern": "/^class BrandSettings(BaseModel):$/", "language": "Python", "kind": "class"}, {"_type": "tag", "name": "BrandVoice", "path": "/home/kavia/workspace/code-generation/brandprompt-generator-239487-239496/prompt_extension_backend/src/api/models.py", "pattern": "/^class BrandVoice(BaseModel):$/", "language": "Python", "kind": "class"}, {"_type": "tag", "name": "DefaultSettingsResponse", "path": "/home/kavia/workspace/code-generation/brandprompt-generator-239487-239496/prompt_extension_backend/src/api/models.py", "pattern": "/^class DefaultSettingsResponse(BaseModel):$/", "language": "Python", "kind": "class"}, {"_type": "tag", "name": "LengthPreference", "path": "/home/kavia/workspace/code-generation/brandprompt-generator-239487-239496/prompt_extension_backend/src/api/models.py", "pattern": "/^class LengthPreference(str, Enum):$/", "language": "Python", "kind": "class"}, {"_type": "tag", "name": "Option", "path": "/home/kavia/workspace/code-generation/brandprompt-generator-239487-239496/prompt_extension_backend/src/api/models.py", "pattern": "/^class Option(BaseModel):$/", "language": "Python", "kind": "class"}, {"_type": "tag", "name": "Orientation", "path": "/home/kavia/workspace/code-generation/brandprompt-generator-239487-239496/prompt_extension_backend/src/api/models.py", "pattern": "/^class Orientation(str, Enum):$/", "language": "Python", "kind": "class"}, {"_type": "tag", "name": "Platform", "path": "/home/kavia/workspace/code-generation/brandprompt-generator-239487-239496/prompt_extension_backend/src/api/models.py", "pattern": "/^class Platform(str, Enum):$/", "language": "Python", "kind": "class"}, {"_type": "tag", "name": "PromptGenerateRequest", "path": "/home/kavia/workspace/code-generation/brandprompt-generator-239487-239496/prompt_extension_backend/src/api/models.py", "pattern": "/^class PromptGenerateRequest(BaseModel):$/", "language": "Python", "kind": "class"}, {"_type": "tag", "name": "PromptGenerateResponse", "path": "/home/kavia/workspace/code-generation/brandprompt-generator-239487-239496/prompt_extension_backend/src/api/models.py", "pattern": "/^class PromptGenerateResponse(BaseModel):$/", "language": "Python", "kind": "class"}, {"_type": "tag", "name": "PublicConfigResponse", "path": "/home/kavia/workspace/code-generation/brandprompt-generator-239487-239496/prompt_extension_backend/src/api/models.py", "pattern": "/^class PublicConfigResponse(BaseModel):$/", "language": "Python", "kind": "class"}, {"_type": "tag", "name": "StyleSettings", "path": "/home/kavia/workspace/code-generation/brandprompt-generator-239487-239496/prompt_extension_backend/src/api/models.py", "pattern": "/^class StyleSettings(BaseModel):$/", "language": "Python", "kind": "class"}, {"_type": "tag", "name": "Tone", "path": "/home/kavia/workspace/code-generation/brandprompt-generator-239487-239496/prompt_extension_backend/src/api/models.py", "pattern": "/^class Tone(str, Enum):$/", "language": "Python", "kind": "class"}, {"_type": "tag", "name": "ad", "path": "/home/kavia/workspace/code-generation/brandprompt-generator-239487-239496/prompt_extension_backend/src/api/models.py", "pattern": "/^    ad = \"ad\"$/", "language": "Python", "kind": "variable", "scope": "Orientation", "scopeKind": "class"}, {"_type": "tag", "name": "additional_context", "path": "/home/kavia/workspace/code-generation/brandprompt-generator-239487-239496/prompt_extension_backend/src/api/models.py", "pattern": "/^    additional_context: Optional[str] = Field($/", "language": "Python", "typeref": "typename:Optional[str]", "kind": "variable", "scope": "PromptGenerateRequest", "scopeKind": "class"}, {"_type": "tag", "name": "avoid", "path": "/home/kavia/workspace/code-generation/brandprompt-generator-239487-239496/prompt_extension_backend/src/api/models.py", "pattern": "/^    avoid: List[str] = Field($/", "language": "Python", "typeref": "typename:List[str]", "kind": "variable", "scope": "BrandVoice", "scopeKind": "class"}, {"_type": "tag", "name": "blog", "path": "/home/kavia/workspace/code-generation/brandprompt-generator-239487-239496/prompt_extension_backend/src/api/models.py", "pattern": "/^    blog = \"blog\"$/", "language": "Python", "kind": "variable", "scope": "Platform", "scopeKind": "class"}, {"_type": "tag", "name": "bold", "path": "/home/kavia/workspace/code-generation/brandprompt-generator-239487-239496/prompt_extension_backend/src/api/models.py", "pattern": "/^    bold = \"bold\"$/", "language": "Python", "kind": "variable", "scope": "Tone", "scopeKind": "class"}, {"_type": "tag", "name": "brand", "path": "/home/kavia/workspace/code-generation/brandprompt-generator-239487-239496/prompt_extension_backend/src/api/models.py", "pattern": "/^    brand: BrandSettings = Field(..., description=\"Brand configuration.\")$/", "language": "Python", "typeref": "typename:BrandSettings", "kind": "variable", "scope": "PromptGenerateRequest", "scopeKind": "class"}, {"_type": "tag", "name": "brand", "path": "/home/kavia/workspace/code-generation/brandprompt-generator-239487-239496/prompt_extension_backend/src/api/models.py", "pattern": "/^    brand: BrandSettings = Field(..., description=\"Default brand settings.\")$/", "language": "Python", "typeref": "typename:BrandSettings", "kind": "variable", "scope": "DefaultSettingsResponse", "scopeKind": "class"}, {"_type": "tag", "name": "brand_name", "path": "/home/kavia/workspace/code-generation/brandprompt-generator-239487-239496/prompt_extension_backend/src/api/models.py", "pattern": "/^    brand_name: str = Field($/", "language": "Python", "typeref": "typename:str", "kind": "variable", "scope": "BrandSettings", "scopeKind": "class"}, {"_type": "tag", "name": "brief", "path": "/home/kavia/workspace/code-generation/brandprompt-generator-239487-239496/prompt_extension_backend/src/api/models.py", "pattern": "/^    brief: str = Field($/", "language": "Python", "typeref": "typename:str", "kind": "variable", "scope": "PromptGenerateRequest", "scopeKind": "class"}, {"_type": "tag", "name": "description", "path": "/home/kavia/workspace/code-generation/brandprompt-generator-239487-239496/prompt_extension_backend/src/api/models.py", "pattern": "/^    description: Optional[str] = Field($/", "language": "Python", "typeref": "typename:Optional[str]", "kind": "variable", "scope": "BrandSettings", "scopeKind": "class"}, {"_type": "tag", "name": "docs_url", "path": "/home/kavia/workspace/code-generation/brandprompt-generator-239487-239496/prompt_extension_backend/src/api/models.py", "pattern": "/^    docs_url: Optional[HttpUrl] = Field($/", "language": "Python", "typeref": "typename:Optional[HttpUrl]", "kind": "variable", "scope": "PublicConfigResponse", "scopeKind": "class"}, {"_type": "tag", "name": "email", "path": "/home/kavia/workspace/code-generation/brandprompt-generator-239487-239496/prompt_extension_backend/src/api/models.py", "pattern": "/^    email = \"email\"$/", "language": "Python", "kind": "variable", "scope": "Orientation", "scopeKind": "class"}, {"_type": "tag", "name": "emoji_level", "path": "/home/kavia/workspace/code-generation/brandprompt-generator-239487-239496/prompt_extension_backend/src/api/models.py", "pattern": "/^    emoji_level: int = Field($/", "language": "Python", "typeref": "typename:int", "kind": "variable", "scope": "StyleSettings", "scopeKind": "class"}, {"_type": "tag", "name": "facebook", "path": "/home/kavia/workspace/code-generation/brandprompt-generator-239487-239496/prompt_extension_backend/src/api/models.py", "pattern": "/^    facebook = \"facebook\"$/", "language": "Python", "kind": "variable", "scope": "Platform", "scopeKind": "class"}, {"_type": "tag", "name": "formatting_notes", "path": "/home/kavia/workspace/code-generation/brandprompt-generator-239487-239496/prompt_extension_backend/src/api/models.py", "pattern": "/^    formatting_notes: Optional[str] = Field($/", "language": "Python", "typeref": "typename:Optional[str]", "kind": "variable", "scope": "StyleSettings", "scopeKind": "class"}, {"_type": "tag", "name": "friendly", "path": "/home/kavia/workspace/code-generation/brandprompt-generator-239487-239496/prompt_extension_backend/src/api/models.py", "pattern": "/^    friendly = \"friendly\"$/", "language": "Python", "kind": "variable", "scope": "Tone", "scopeKind": "class"}, {"_type": "tag", "name": "include_hashtags", "path": "/home/kavia/workspace/code-generation/brandprompt-generator-239487-239496/prompt_extension_backend/src/api/models.py", "pattern": "/^    include_hashtags: bool = Field($/", "language": "Python", "typeref": "typename:bool", "kind": "variable", "scope": "StyleSettings", "scopeKind": "class"}, {"_type": "tag", "name": "instagram", "path": "/home/kavia/workspace/code-generation/brandprompt-generator-239487-239496/prompt_extension_backend/src/api/models.py", "pattern": "/^    instagram = \"instagram\"$/", "language": "Python", "kind": "variable", "scope": "Platform", "scopeKind": "class"}, {"_type": "tag", "name": "key", "path": "/home/kavia/workspace/code-generation/brandprompt-generator-239487-239496/prompt_extension_backend/src/api/models.py", "pattern": "/^    key: str = Field(..., description=\"Stable identifier (machine-readable).\")$/", "language": "Python", "typeref": "typename:str", "kind": "variable", "scope": "Option", "scopeKind": "class"}, {"_type": "tag", "name": "keywords", "path": "/home/kavia/workspace/code-generation/brandprompt-generator-239487-239496/prompt_extension_backend/src/api/models.py", "pattern": "/^    keywords: List[str] = Field($/", "language": "Python", "typeref": "typename:List[str]", "kind": "variable", "scope": "BrandVoice", "scopeKind": "class"}, {"_type": "tag", "name": "label", "path": "/home/kavia/workspace/code-generation/brandprompt-generator-239487-239496/prompt_extension_backend/src/api/models.py", "pattern": "/^    label: str = Field(..., description=\"Human-friendly label.\")$/", "language": "Python", "typeref": "typename:str", "kind": "variable", "scope": "Option", "scopeKind": "class"}, {"_type": "tag", "name": "landing_page", "path": "/home/kavia/workspace/code-generation/brandprompt-generator-239487-239496/prompt_extension_backend/src/api/models.py", "pattern": "/^    landing_page = \"landing_page\"$/", "language": "Python", "kind": "variable", "scope": "Orientation", "scopeKind": "class"}, {"_type": "tag", "name": "length", "path": "/home/kavia/workspace/code-generation/brandprompt-generator-239487-239496/prompt_extension_backend/src/api/models.py", "pattern": "/^    length: LengthPreference = Field($/", "language": "Python", "typeref": "typename:LengthPreference", "kind": "variable", "scope": "StyleSettings", "scopeKind": "class"}, {"_type": "tag", "name": "length_preferences", "path": "/home/kavia/workspace/code-generation/brandprompt-generator-239487-239496/prompt_extension_backend/src/api/models.py", "pattern": "/^    length_preferences: List[Option] = Field(..., description=\"Supported length options.\")$/", "language": "Python", "typeref": "typename:List[Option]", "kind": "variable", "scope": "PublicConfigResponse", "scopeKind": "class"}, {"_type": "tag", "name": "linkedin", "path": "/home/kavia/workspace/code-generation/brandprompt-generator-239487-239496/prompt_extension_backend/src/api/models.py", "pattern": "/^    linkedin = \"linkedin\"$/", "language": "Python", "kind": "variable", "scope": "Platform", "scopeKind": "class"}, {"_type": "tag", "name": "long", "path": "/home/kavia/workspace/code-generation/brandprompt-generator-239487-239496/prompt_extension_backend/src/api/models.py", "pattern": "/^    long = \"long\"$/", "language": "Python", "kind": "variable", "scope": "LengthPreference", "scopeKind": "class"}, {"_type": "tag", "name": "luxurious", "path": "/home/kavia/workspace/code-generation/brandprompt-generator-239487-239496/prompt_extension_backend/src/api/models.py", "pattern": "/^    luxurious = \"luxurious\"$/", "language": "Python", "kind": "variable", "scope": "Tone", "scopeKind": "class"}, {"_type": "tag", "name": "medium", "path": "/home/kavia/workspace/code-generation/brandprompt-generator-239487-239496/prompt_extension_backend/src/api/models.py", "pattern": "/^    medium = \"medium\"$/", "language": "Python", "kind": "variable", "scope": "LengthPreference", "scopeKind": "class"}, {"_type": "tag", "name": "metadata", "path": "/home/kavia/workspace/code-generation/brandprompt-generator-239487-239496/prompt_extension_backend/src/api/models.py", "pattern": "/^    metadata: Dict[str, Any] = Field($/", "language": "Python", "typeref": "typename:Dict[str, Any]", "kind": "variable", "scope": "PromptGenerateResponse", "scopeKind": "class"}, {"_type": "tag", "name": "minimalist", "path": "/home/kavia/workspace/code-generation/brandprompt-generator-239487-239496/prompt_extension_backend/src/api/models.py", "pattern": "/^    minimalist = \"minimalist\"$/", "language": "Python", "kind": "variable", "scope": "Tone", "scopeKind": "class"}, {"_type": "tag", "name": "orientation", "path": "/home/kavia/workspace/code-generation/brandprompt-generator-239487-239496/prompt_extension_backend/src/api/models.py", "pattern": "/^    orientation: Orientation = Field(..., description=\"Content intent \\/ type.\")$/", "language": "Python", "typeref": "typename:Orientation", "kind": "variable", "scope": "PromptGenerateRequest", "scopeKind": "class"}, {"_type": "tag", "name": "orientations", "path": "/home/kavia/workspace/code-generation/brandprompt-generator-239487-239496/prompt_extension_backend/src/api/models.py", "pattern": "/^    orientations: List[Option] = Field(..., description=\"Supported orientations.\")$/", "language": "Python", "typeref": "typename:List[Option]", "kind": "variable", "scope": "PublicConfigResponse", "scopeKind": "class"}, {"_type": "tag", "name": "other", "path": "/home/kavia/workspace/code-generation/brandprompt-generator-239487-239496/prompt_extension_backend/src/api/models.py", "pattern": "/^    other = \"other\"$/", "language": "Python", "kind": "variable", "scope": "Orientation", "scopeKind": "class"}, {"_type": "tag", "name": "other", "path": "/home/kavia/workspace/code-generation/brandprompt-generator-239487-239496/prompt_extension_backend/src/api/models.py", "pattern": "/^    other = \"other\"$/", "language": "Python", "kind": "variable", "scope": "Platform", "scopeKind": "class"}, {"_type": "tag", "name": "other", "path": "/home/kavia/workspace/code-generation/brandprompt-generator-239487-239496/prompt_extension_backend/src/api/models.py", "pattern": "/^    other = \"other\"$/", "language": "Python", "kind": "variable", "scope": "Tone", "scopeKind": "class"}, {"_type": "tag", "name": "platform", "path": "/home/kavia/workspace/code-generation/brandprompt-generator-239487-239496/prompt_extension_backend/src/api/models.py", "pattern": "/^    platform: Platform = Field(..., description=\"Target publishing platform.\")$/", "language": "Python", "typeref": "typename:Platform", "kind": "variable", "scope": "PromptGenerateRequest", "scopeKind": "class"}, {"_type": "tag", "name": "platforms", "path": "/home/kavia/workspace/code-generation/brandprompt-generator-239487-239496/prompt_extension_backend/src/api/models.py", "pattern": "/^    platforms: List[Option] = Field(..., description=\"Supported platforms.\")$/", "language": "Python", "typeref": "typename:List[Option]", "kind": "variable", "scope": "PublicConfigResponse", "scopeKind": "class"}, {"_type": "tag", "name": "playful", "path": "/home/kavia/workspace/code-generation/brandprompt-generator-239487-239496/prompt_extension_backend/src/api/models.py", "pattern": "/^    playful = \"playful\"$/", "language": "Python", "kind": "variable", "scope": "Tone", "scopeKind": "class"}, {"_type": "tag", "name": "post", "path": "/home/kavia/workspace/code-generation/brandprompt-generator-239487-239496/prompt_extension_backend/src/api/models.py", "pattern": "/^    post = \"post\"$/", "language": "Python", "kind": "variable", "scope": "Orientation", "scopeKind": "class"}, {"_type": "tag", "name": "professional", "path": "/home/kavia/workspace/code-generation/brandprompt-generator-239487-239496/prompt_extension_backend/src/api/models.py", "pattern": "/^    professional = \"professional\"$/", "language": "Python", "kind": "variable", "scope": "Tone", "scopeKind": "class"}, {"_type": "tag", "name": "prompt", "path": "/home/kavia/workspace/code-generation/brandprompt-generator-239487-239496/prompt_extension_backend/src/api/models.py", "pattern": "/^    prompt: str = Field(..., description=\"Constructed prompt text to be sent to an LLM.\")$/", "language": "Python", "typeref": "typename:str", "kind": "variable", "scope": "PromptGenerateResponse", "scopeKind": "class"}, {"_type": "tag", "name": "short", "path": "/home/kavia/workspace/code-generation/brandprompt-generator-239487-239496/prompt_extension_backend/src/api/models.py", "pattern": "/^    short = \"short\"$/", "language": "Python", "kind": "variable", "scope": "LengthPreference", "scopeKind": "class"}, {"_type": "tag", "name": "style", "path": "/home/kavia/workspace/code-generation/brandprompt-generator-239487-239496/prompt_extension_backend/src/api/models.py", "pattern": "/^    style: StyleSettings = Field(..., description=\"Default style settings.\")$/", "language": "Python", "typeref": "typename:StyleSettings", "kind": "variable", "scope": "DefaultSettingsResponse", "scopeKind": "class"}, {"_type": "tag", "name": "style", "path": "/home/kavia/workspace/code-generation/brandprompt-generator-239487-239496/prompt_extension_backend/src/api/models.py", "pattern": "/^    style: StyleSettings = Field(default_factory=StyleSettings, description=\"Style prefs.\")$/", "language": "Python", "typeref": "typename:StyleSettings", "kind": "variable", "scope": "PromptGenerateRequest", "scopeKind": "class"}, {"_type": "tag", "name": "tagline", "path": "/home/kavia/workspace/code-generation/brandprompt-generator-239487-239496/prompt_extension_backend/src/api/models.py", "pattern": "/^    tagline: Optional[str] = Field($/", "language": "Python", "typeref": "typename:Optional[str]", "kind": "variable", "scope": "BrandSettings", "scopeKind": "class"}, {"_type": "tag", "name": "target_audience", "path": "/home/kavia/workspace/code-generation/brandprompt-generator-239487-239496/prompt_extension_backend/src/api/models.py", "pattern": "/^    target_audience: Optional[str] = Field($/", "language": "Python", "typeref": "typename:Optional[str]", "kind": "variable", "scope": "BrandSettings", "scopeKind": "class"}, {"_type": "tag", "name": "tiktok", "path": "/home/kavia/workspace/code-generation/brandprompt-generator-239487-239496/prompt_extension_backend/src/api/models.py", "pattern": "/^    tiktok = \"tiktok\"$/", "language": "Python", "kind": "variable", "scope": "Platform", "scopeKind": "class"}, {"_type": "tag", "name": "tone", "path": "/home/kavia/workspace/code-generation/brandprompt-generator-239487-239496/prompt_extension_backend/src/api/models.py", "pattern": "/^    tone: Tone = Field(default=Tone.professional, description=\"Overall tone of voice.\")$/", "language": "Python", "typeref": "typename:Tone", "kind": "variable", "scope": "BrandVoice", "scopeKind": "class"}, {"_type": "tag", "name": "tones", "path": "/home/kavia/workspace/code-generation/brandprompt-generator-239487-239496/prompt_extension_backend/src/api/models.py", "pattern": "/^    tones: List[Option] = Field(..., description=\"Supported tones.\")$/", "language": "Python", "typeref": "typename:List[Option]", "kind": "variable", "scope": "PublicConfigResponse", "scopeKind": "class"}, {"_type": "tag", "name": "version", "path": "/home/kavia/workspace/code-generation/brandprompt-generator-239487-239496/prompt_extension_backend/src/api/models.py", "pattern": "/^    version: str = Field(..., description=\"Backend version string.\")$/", "language": "Python", "typeref": "typename:str", "kind": "variable", "scope": "PublicConfigResponse", "scopeKind": "class"}, {"_type": "tag", "name": "voice", "path": "/home/kavia/workspace/code-generation/brandprompt-generator-239487-239496/prompt_extension_backend/src/api/models.py", "pattern": "/^    voice: BrandVoice = Field($/", "language": "Python", "typeref": "typename:BrandVoice", "kind": "variable", "scope": "BrandSettings", "scopeKind": "class"}, {"_type": "tag", "name": "website", "path": "/home/kavia/workspace/code-generation/brandprompt-generator-239487-239496/prompt_extension_backend/src/api/models.py", "pattern": "/^    website = \"website\"$/", "language": "Python", "kind": "variable", "scope": "Platform", "scopeKind": "class"}, {"_type": "tag", "name": "x", "path": "/home/kavia/workspace/code-generation/brandprompt-generator-239487-239496/prompt_extension_backend/src/api/models.py", "pattern": "/^    x = \"x\"$/", "language": "Python", "kind": "variable", "scope": "Platform", "scopeKind": "class"}, {"_type": "tag", "name": "youtube", "path": "/home/kavia/workspace/code-generation/brandprompt-generator-239487-239496/prompt_extension_backend/src/api/models.py", "pattern": "/^    youtube = \"youtube\"$/", "language": "Python", "kind": "variable", "scope": "Platform", "scopeKind": "class"}], "hash": "59adc8e33a95633fa7fe082510d52669", "format-version": 4, "code-base-name": "prompt_extension_backend", "filename": "prompt_extension_backend/src/api/models.py", "fields": [{"name": "ad = \"ad\"", "scope": "Orientation", "scopeKind": "class", "description": "unavailable"}, {"name": "Optional[str] additional_context", "scope": "PromptGenerateRequest", "scopeKind": "class", "description": "unavailable"}, {"name": "List[str] avoid", "scope": "BrandVoice", "scopeKind": "class", "description": "unavailable"}, {"name": "blog = \"blog\"", "scope": "Platform", "scopeKind": "class", "description": "unavailable"}, {"name": "bold = \"bold\"", "scope": "Tone", "scopeKind": "class", "description": "unavailable"}, {"name": "BrandSettings brand", "scope": "PromptGenerateRequest", "scopeKind": "class", "description": "unavailable"}, {"name": "str brand_name", "scope": "BrandSettings", "scopeKind": "class", "description": "unavailable"}, {"name": "str brief", "scope": "PromptGenerateRequest", "scopeKind": "class", "description": "unavailable"}, {"name": "Optional[str] description", "scope": "BrandSettings", "scopeKind": "class", "description": "unavailable"}, {"name": "Optional[HttpUrl] docs_url", "scope": "PublicConfigResponse", "scopeKind": "class", "description": "unavailable"}, {"name": "email = \"email\"", "scope": "Orientation", "scopeKind": "class", "description": "unavailable"}, {"name": "int emoji_level", "scope": "StyleSettings", "scopeKind": "class", "description": "unavailable"}, {"name": "facebook = \"facebook\"", "scope": "Platform", "scopeKind": "class", "description": "unavailable"}, {"name": "Optional[str] formatting_notes", "scope": "StyleSettings", "scopeKind": "class", "description": "unavailable"}, {"name": "friendly = \"friendly\"", "scope": "Tone", "scopeKind": "class", "description": "unavailable"}, {"name": "bool include_hashtags", "scope": "StyleSettings", "scopeKind": "class", "description": "unavailable"}, {"name": "instagram = \"instagram\"", "scope": "Platform", "scopeKind": "class", "description": "unavailable"}, {"name": "str key", "scope": "Option", "scopeKind": "class", "description": "unavailable"}, {"name": "List[str] keywords", "scope": "BrandVoice", "scopeKind": "class", "description": "unavailable"}, {"name": "str label", "scope": "Option", "scopeKind": "class", "description": "unavailable"}, {"name": "landing_page = \"landing_page\"", "scope": "Orientation", "scopeKind": "class", "description": "unavailable"}, {"name": "LengthPreference length", "scope": "StyleSettings", "scopeKind": "class", "description": "unavailable"}, {"name": "List[Option] length_preferences", "scope": "PublicConfigResponse", "scopeKind": "class", "description": "unavailable"}, {"name": "linkedin = \"linkedin\"", "scope": "Platform", "scopeKind": "class", "description": "unavailable"}, {"name": "long = \"long\"", "scope": "LengthPreference", "scopeKind": "class", "description": "unavailable"}, {"name": "luxurious = \"luxurious\"", "scope": "Tone", "scopeKind": "class", "description": "unavailable"}, {"name": "medium = \"medium\"", "scope": "LengthPreference", "scopeKind": "class", "description": "unavailable"}, {"name": "Dict[str, Any] metadata", "scope": "PromptGenerateResponse", "scopeKind": "class", "description": "unavailable"}, {"name": "minimalist = \"minimalist\"", "scope": "Tone", "scopeKind": "class", "description": "unavailable"}, {"name": "Orientation orientation", "scope": "PromptGenerateRequest", "scopeKind": "class", "description": "unavailable"}, {"name": "List[Option] orientations", "scope": "PublicConfigResponse", "scopeKind": "class", "description": "unavailable"}, {"name": "other = \"other\"", "scope": "Orientation", "scopeKind": "class", "description": "unavailable"}, {"name": "Platform platform", "scope": "PromptGenerateRequest", "scopeKind": "class", "description": "unavailable"}, {"name": "List[Option] platforms", "scope": "PublicConfigResponse", "scopeKind": "class", "description": "unavailable"}, {"name": "playful = \"playful\"", "scope": "Tone", "scopeKind": "class", "description": "unavailable"}, {"name": "post = \"post\"", "scope": "Orientation", "scopeKind": "class", "description": "unavailable"}, {"name": "professional = \"professional\"", "scope": "Tone", "scopeKind": "class", "description": "unavailable"}, {"name": "str prompt", "scope": "PromptGenerateResponse", "scopeKind": "class", "description": "unavailable"}, {"name": "short = \"short\"", "scope": "LengthPreference", "scopeKind": "class", "description": "unavailable"}, {"name": "StyleSettings style", "scope": "DefaultSettingsResponse", "scopeKind": "class", "description": "unavailable"}, {"name": "Optional[str] tagline", "scope": "BrandSettings", "scopeKind": "class", "description": "unavailable"}, {"name": "Optional[str] target_audience", "scope": "BrandSettings", "scopeKind": "class", "description": "unavailable"}, {"name": "tiktok = \"tiktok\"", "scope": "Platform", "scopeKind": "class", "description": "unavailable"}, {"name": "Tone tone", "scope": "BrandVoice", "scopeKind": "class", "description": "unavailable"}, {"name": "List[Option] tones", "scope": "PublicConfigResponse", "scopeKind": "class", "description": "unavailable"}, {"name": "str version", "scope": "PublicConfigResponse", "scopeKind": "class", "description": "unavailable"}, {"name": "BrandVoice voice", "scope": "BrandSettings", "scopeKind": "class", "description": "unavailable"}, {"name": "website = \"website\"", "scope": "Platform", "scopeKind": "class", "description": "unavailable"}, {"name": "x = \"x\"", "scope": "Platform", "scopeKind": "class", "description": "unavailable"}, {"name": "youtube = \"youtube\"", "scope": "Platform", "scopeKind": "class", "description": "unavailable"}], "revision_history": [{"17": "ed32b7bfa0c1dfb9bbb6cd1769ebe962d542a8f0"}]}