{"is_source_file": true, "file_id": 7, "git_revision": "", "state": 1, "description": "", "external_files": [], "external_methods": [], "published": [], "classes": [], "methods": [], "calls": [], "search-terms": [], "ctags": [{"_type": "tag", "name": "_join_nonempty", "path": "/home/kavia/workspace/code-generation/brandprompt-generator-239487-239496/prompt_extension_backend/src/api/prompt_builder.py", "pattern": "/^def _join_nonempty(lines: list[str]) -> str:$/", "language": "Python", "typeref": "typename:str", "kind": "function", "signature": "(lines: list[str])"}, {"_type": "tag", "name": "_orientation_notes", "path": "/home/kavia/workspace/code-generation/brandprompt-generator-239487-239496/prompt_extension_backend/src/api/prompt_builder.py", "pattern": "/^def _orientation_notes(orientation: str) -> str:$/", "language": "Python", "typeref": "typename:str", "kind": "function", "signature": "(orientation: str)"}, {"_type": "tag", "name": "_platform_notes", "path": "/home/kavia/workspace/code-generation/brandprompt-generator-239487-239496/prompt_extension_backend/src/api/prompt_builder.py", "pattern": "/^def _platform_notes(platform: str) -> str:$/", "language": "Python", "typeref": "typename:str", "kind": "function", "signature": "(platform: str)"}, {"_type": "tag", "name": "build_prompt", "path": "/home/kavia/workspace/code-generation/brandprompt-generator-239487-239496/prompt_extension_backend/src/api/prompt_builder.py", "pattern": "/^def build_prompt(req: PromptGenerateRequest) -> tuple[str, Dict[str, Any]]:$/", "language": "Python", "typeref": "typename:tuple[str,Dict[str,Any]]", "kind": "function", "signature": "(req: PromptGenerateRequest)"}], "format": "Python", "hash": "bbb542929e03947aa3ce71fe51277a65", "format-version": 4, "code-base-name": "prompt_extension_backend", "filename": "prompt_extension_backend/src/api/prompt_builder.py", "knowledge_revision": 12}