{"is_source_file": true, "file_id": 8, "git_revision": "", "state": 1, "description": "", "external_files": [], "external_methods": [], "published": [], "classes": [], "methods": [], "calls": [], "search-terms": [], "ctags": [{"_type": "tag", "name": "_opts", "path": "/home/kavia/workspace/code-generation/brandprompt-generator-239487-239496/prompt_extension_backend/src/api/routes.py", "pattern": "/^    def _opts(enum_cls):$/", "file": true, "language": "Python", "kind": "function", "signature": "(enum_cls)", "scope": "get_public_config", "scopeKind": "function"}, {"_type": "tag", "name": "generate_prompt", "path": "/home/kavia/workspace/code-generation/brandprompt-generator-239487-239496/prompt_extension_backend/src/api/routes.py", "pattern": "/^def generate_prompt(body: PromptGenerateRequest) -> PromptGenerateResponse:$/", "language": "Python", "typeref": "typename:PromptGenerateResponse", "kind": "function", "signature": "(body: PromptGenerateRequest)"}, {"_type": "tag", "name": "get_default_settings", "path": "/home/kavia/workspace/code-generation/brandprompt-generator-239487-239496/prompt_extension_backend/src/api/routes.py", "pattern": "/^def get_default_settings() -> DefaultSettingsResponse:$/", "language": "Python", "typeref": "typename:DefaultSettingsResponse", "kind": "function", "signature": "()"}, {"_type": "tag", "name": "get_public_config", "path": "/home/kavia/workspace/code-generation/brandprompt-generator-239487-239496/prompt_extension_backend/src/api/routes.py", "pattern": "/^def get_public_config() -> PublicConfigResponse:$/", "language": "Python", "typeref": "typename:PublicConfigResponse", "kind": "function", "signature": "()"}, {"_type": "tag", "name": "router", "path": "/home/kavia/workspace/code-generation/brandprompt-generator-239487-239496/prompt_extension_backend/src/api/routes.py", "pattern": "/^router = APIRouter(tags=[\"Prompt Extension\"])$/", "language": "Python", "kind": "variable"}], "format": "Python", "hash": "ddda74097b1a1d93b12ae8f2a9c69ec2", "format-version": 4, "code-base-name": "prompt_extension_backend", "filename": "prompt_extension_backend/src/api/routes.py", "knowledge_revision": 13}