{"is_source_file": true, "format": "Python", "description": "This file initializes and configures a FastAPI web application, setting up middleware, tags, a health check endpoint, and including routing from an external module.", "external_files": ["src.api.routes"], "external_methods": ["fastapi.FastAPI", "fastapi.middleware.cors.CORSMiddleware", "src.api.routes.router"], "published": ["app"], "classes": [], "methods": [{"name": "health_check()", "description": "A simple endpoint to verify the service is running.", "scope": "", "scopeKind": ""}], "calls": ["FastAPI", "CORSMiddleware", "include_router"], "search-terms": ["FastAPI app setup", "CORS middleware", "health check endpoint", "prompt extension router"], "state": 2, "file_id": 4, "knowledge_revision": 15, "git_revision": "ed32b7bfa0c1dfb9bbb6cd1769ebe962d542a8f0", "revision_history": [{"9": "96c73896c0c530de0ae012560defb1141510ddf9"}, {"15": "ed32b7bfa0c1dfb9bbb6cd1769ebe962d542a8f0"}], "ctags": [{"_type": "tag", "name": "app", "path": "/home/kavia/workspace/code-generation/brandprompt-generator-239487-239496/prompt_extension_backend/src/api/main.py", "pattern": "/^app = FastAPI($/", "language": "Python", "kind": "variable"}, {"_type": "tag", "name": "health_check", "path": "/home/kavia/workspace/code-generation/brandprompt-generator-239487-239496/prompt_extension_backend/src/api/main.py", "pattern": "/^def health_check():$/", "language": "Python", "kind": "function", "signature": "()"}, {"_type": "tag", "name": "openapi_tags", "path": "/home/kavia/workspace/code-generation/brandprompt-generator-239487-239496/prompt_extension_backend/src/api/main.py", "pattern": "/^openapi_tags = [$/", "language": "Python", "kind": "variable"}, {"_type": "tag", "name": "prompt_extension_router", "path": "/home/kavia/workspace/code-generation/brandprompt-generator-239487-239496/prompt_extension_backend/src/api/main.py", "pattern": "/^from src.api.routes import router as prompt_extension_router$/", "language": "Python", "kind": "unknown", "nameref": "unknown:router"}], "hash": "8919fb34f077880c2982d1a18e00cedb", "format-version": 4, "code-base-name": "prompt_extension_backend", "filename": "prompt_extension_backend/src/api/main.py", "fields": [{"name": "app = FastAPI(", "scope": "", "scopeKind": "", "description": "unavailable"}, {"name": "openapi_tags = [", "scope": "", "scopeKind": "", "description": "unavailable"}]}