{"is_source_file": false, "format": "", "description": "", "external_files": [], "external_methods": [], "published": [], "classes": [], "methods": [], "calls": [], "search-terms": [], "state": 2, "file_id": 1, "knowledge_revision": 6, "git_revision": "eb51c4bcaa92363f7e6d505717e7c4e47426c879", "hash": "3a4218394e0b5d5d6a96babbfd940f3d", "format-version": 4, "code-base-name": "prompt_extension_backend", "filename": "README.md", "revision_history": [{"6": "eb51c4bcaa92363f7e6d505717e7c4e47426c879"}]}